{
  "textures": {
    "GroundScattering1": {
      "src": "res:/dx9/model/worldobject/Planet/Preset/LavaScatterLight01_D.dds.0.png",
      "repeat": false,
      "minFilter": "linear",
      "anisotropy": 1
    },
    "PolesGradient": {
      "src": "res:/dx9/model/worldobject/Planet/Gradient01_M.dds.0.png",
      "repeat": true,
      "minFilter": "linearMipmap",
      "anisotropy": 4
    },
    "GroundScattering2": {
      "src": "res:/dx9/model/worldobject/Planet/Preset/LavaScatterHue01_D.dds.0.png",
      "repeat": false,
      "minFilter": "linear",
      "anisotropy": 1
    },
    "FillTexture": {
      "src": "res:/dx9/model/worldobject/Planet/Lava/LavaMagma01_P.dds.0.png",
      "repeat": true,
      "minFilter": "linearMipmap",
      "anisotropy": 4
    },
    "Lava3DNoiseMap": {
      "src": "res:/Texture/Global/noise_volume.dds.0.png",
      "repeat": true,
      "minFilter": "linearMipmap",
      "anisotropy": 1
    }
  },
  "settings": {
    "MiscFactors": [
      0,
      0.88916015625,
      0,
      0
    ],
    "LavaSpecular": [
      0.04998779296875,
      30,
      0.2998046875,
      0.5
    ],
    "LavaColor2": [
      5.64453125,
      1.26171875,
      0,
      0
    ],
    "LavaColor1": [
      10,
      3.37109375,
      0,
      0
    ],
    "Mid": [
      0,
      0,
      0,
      1
    ],
    "High": [
      0.01568603515625,
      0.01568603515625,
      0.0274505615234375,
      1
    ],
    "DetailFactors": [
      4,
      3.5,
      0,
      0
    ],
    "Low": [
      0.062744140625,
      0.0039215087890625,
      0,
      1
    ],
    "AnimationFactors": [
      0.2998046875,
      6,
      0.60791015625,
      0.7724609375
    ],
    "Parameters2": [
      0.1199951171875,
      0,
      0,
      0.56982421875
    ],
    "Parameters1": [
      0.01415252685546875,
      35.21875,
      0.9912109375,
      1.236328125
    ],
    "AtmosphereFactors": [
      1.0390625,
      0.024993896484375,
      299.75,
      0
    ],
    "AtmosphereColor": [
      0.90185546875,
      0.501953125,
      0.12939453125,
      1
    ],
    "wavelengthsMicroMeters": [
      0.65478515625,
      0.65087890625,
      0.607421875,
      1
    ],
    "ScatteringFactors": [
      0.00499725341796875,
      0.0019989013671875,
      20,
      0
    ]
  }
}