{
  "textures": {
    "GroundScattering1": "res:/dx9/model/worldobject/planet/preset/lavascatterlight01_d.dds.0.png",
    "PolesGradient": "res:/dx9/model/worldobject/Planet/Gradient01_M.dds.0.png",
    "GroundScattering2": "res:/dx9/model/worldobject/planet/preset/lavascatterhue01_d.dds.0.png",
    "FillTexture": "res:/dx9/model/worldobject/planet/lava/lavamagma04_p.dds.0.png",
    "Lava3DNoiseMap": "res:/Texture/Global/noise_volume.dds.0.png"
  },
  "settings": {
    "MiscFactors": [
      0,
      0.86376953125,
      0,
      0
    ],
    "LavaSpecular": [
      0.39990234375,
      20,
      0.78857421875,
      -1.1630859375
    ],
    "LavaColor2": [
      2.962890625,
      2.962890625,
      1.4296875,
      1
    ],
    "LavaColor1": [
      9.96875,
      1.4111328125,
      0,
      1
    ],
    "Mid": [
      0,
      0,
      0,
      1
    ],
    "High": [
      0.04705810546875,
      0.043121337890625,
      0.043121337890625,
      0
    ],
    "DetailFactors": [
      4,
      0.10736083984375,
      0,
      0
    ],
    "Low": [
      0.0039215087890625,
      0,
      0,
      1
    ],
    "AnimationFactors": [
      0.2998046875,
      6,
      0.466064453125,
      50
    ],
    "Parameters2": [
      13.9609375,
      0,
      0,
      0.56982421875
    ],
    "Parameters1": [
      0.03466796875,
      22.34375,
      1.595703125,
      0.1998291015625
    ],
    "AtmosphereFactors": [
      1.029296875,
      0.024993896484375,
      299.75,
      0
    ],
    "AtmosphereColor": [
      0.0352783203125,
      0.0117645263671875,
      0.0039215087890625,
      1
    ],
    "wavelengthsMicroMeters": [
      0.509765625,
      0.513671875,
      0.501953125,
      1
    ],
    "ScatteringFactors": [
      0.00499725341796875,
      0.0019989013671875,
      20,
      0
    ]
  }
}