{
  "textures": {
    "GroundScattering1": "res:/dx9/model/worldobject/Planet/Preset/LavaScatterLight01_D.dds.0.png",
    "PolesGradient": "res:/dx9/model/worldobject/Planet/Gradient01_M.dds.0.png",
    "GroundScattering2": "res:/dx9/model/worldobject/Planet/Preset/LavaScatterHue01_D.dds.0.png",
    "FillTexture": "res:/dx9/model/worldobject/Planet/Lava/LavaMagma01_P.dds.0.png",
    "Lava3DNoiseMap": "res:/Texture/Global/noise_volume.dds.0.png"
  },
  "settings": {
    "MiscFactors": [
      0,
      0.525390625,
      0,
      0
    ],
    "LavaSpecular": [
      0.04998779296875,
      30,
      0.2998046875,
      0.5
    ],
    "LavaColor2": [
      10,
      1.2939453125,
      0,
      0
    ],
    "LavaColor1": [
      10,
      3.37109375,
      0,
      0
    ],
    "Mid": [
      0,
      0,
      0,
      1
    ],
    "High": [
      0.01568603515625,
      0.0196075439453125,
      0.0274505615234375,
      1
    ],
    "DetailFactors": [
      4,
      1.69140625,
      0,
      0
    ],
    "Low": [
      0.313720703125,
      0.0274505615234375,
      0,
      1
    ],
    "AnimationFactors": [
      0.2998046875,
      6,
      0.60791015625,
      1.41015625
    ],
    "Parameters2": [
      0.5,
      0,
      0,
      0.56982421875
    ],
    "Parameters1": [
      0.01415252685546875,
      40,
      0.9091796875,
      0.71630859375
    ],
    "AtmosphereFactors": [
      1.029296875,
      0.024993896484375,
      299.75,
      0
    ],
    "AtmosphereColor": [
      0.0352783203125,
      0.0117645263671875,
      0.0039215087890625,
      1
    ],
    "wavelengthsMicroMeters": [
      0.509765625,
      0.513671875,
      0.501953125,
      1
    ],
    "ScatteringFactors": [
      0.00499725341796875,
      0.0019989013671875,
      20,
      0
    ]
  }
}