{
  "textures": {
    "GroundScattering1": "res:/dx9/model/worldobject/planet/preset/lavascatterlight01_d.dds.0.png",
    "PolesGradient": "res:/dx9/model/worldobject/Planet/Gradient01_M.dds.0.png",
    "GroundScattering2": "res:/dx9/model/worldobject/planet/preset/lavascatterhue01_d.dds.0.png",
    "FillTexture": "res:/dx9/model/worldobject/planet/lava/lavamagma02_p.dds.0.png",
    "Lava3DNoiseMap": "res:/Texture/Global/noise_volume.dds.0.png"
  },
  "settings": {
    "MiscFactors": [
      0,
      1.126953125,
      0,
      0
    ],
    "LavaSpecular": [
      0.057861328125,
      10,
      0.0259857177734375,
      0.310791015625
    ],
    "LavaColor2": [
      2.978515625,
      0.654296875,
      0,
      0
    ],
    "LavaColor1": [
      2,
      2,
      1.7646484375,
      0
    ],
    "Mid": [
      0.007843017578125,
      0.007843017578125,
      0.007843017578125,
      1
    ],
    "High": [
      0.0274505615234375,
      0.01568603515625,
      0,
      1
    ],
    "DetailFactors": [
      4,
      0.94140625,
      0,
      0
    ],
    "Low": [
      0.08233642578125,
      0.0039215087890625,
      0,
      1
    ],
    "AnimationFactors": [
      0.449462890625,
      6,
      1.07421875,
      5.1484375
    ],
    "Parameters2": [
      0.392333984375,
      0,
      0,
      0.56982421875
    ],
    "Parameters1": [
      0.0164642333984375,
      24.359375,
      0.80859375,
      0.73193359375
    ],
    "AtmosphereFactors": [
      1.029296875,
      0.024993896484375,
      299.75,
      0
    ],
    "AtmosphereColor": [
      0.0352783203125,
      0.0117645263671875,
      0.0039215087890625,
      1
    ],
    "wavelengthsMicroMeters": [
      0.509765625,
      0.513671875,
      0.501953125,
      1
    ],
    "ScatteringFactors": [
      0.00499725341796875,
      0.0019989013671875,
      20,
      0
    ]
  }
}