{
  "textures": {
    "GroundScattering1": {
      "src": "res:/dx9/model/worldobject/Planet/Preset/LavaScatterLight01_D.dds.0.png",
      "repeat": false,
      "minFilter": "linear",
      "anisotropy": 1
    },
    "PolesGradient": {
      "src": "res:/dx9/model/worldobject/Planet/Gradient01_M.dds.0.png",
      "repeat": true,
      "minFilter": "linearMipmap",
      "anisotropy": 4
    },
    "GroundScattering2": {
      "src": "res:/dx9/model/worldobject/Planet/Preset/LavaScatterHue01_D.dds.0.png",
      "repeat": false,
      "minFilter": "linear",
      "anisotropy": 1
    },
    "FillTexture": {
      "src": "res:/dx9/model/worldobject/Planet/Lava/LavaMagma01_P.dds.0.png",
      "repeat": true,
      "minFilter": "linearMipmap",
      "anisotropy": 4
    },
    "Lava3DNoiseMap": {
      "src": "res:/Texture/Global/noise_volume.dds.0.png",
      "repeat": true,
      "minFilter": "linearMipmap",
      "anisotropy": 1
    }
  },
  "settings": {
    "MiscFactors": [
      0,
      0.489501953125,
      0,
      0
    ],
    "LavaSpecular": [
      0.057861328125,
      10,
      0.0259857177734375,
      0.310791015625
    ],
    "LavaColor2": [
      5.64453125,
      0.46484375,
      0,
      0
    ],
    "LavaColor1": [
      10,
      4.4296875,
      1.7646484375,
      0
    ],
    "Mid": [
      0.007843017578125,
      0.007843017578125,
      0.007843017578125,
      1
    ],
    "High": [
      0.0274505615234375,
      0.01568603515625,
      0,
      1
    ],
    "DetailFactors": [
      4,
      1.7109375,
      0,
      0
    ],
    "Low": [
      0.08233642578125,
      0.0039215087890625,
      0,
      1
    ],
    "AnimationFactors": [
      0.449462890625,
      6,
      0.9384765625,
      3.98828125
    ],
    "Parameters2": [
      0.407958984375,
      0,
      0,
      0.56982421875
    ],
    "Parameters1": [
      0.018798828125,
      28.8125,
      0.80859375,
      0.73193359375
    ],
    "AtmosphereFactors": [
      1.0390625,
      0.03997802734375,
      299.75,
      0
    ],
    "AtmosphereColor": [
      0.89794921875,
      0.8740234375,
      0.505859375,
      1
    ],
    "wavelengthsMicroMeters": [
      0.73291015625,
      0.71337890625,
      0.63916015625,
      1
    ],
    "ScatteringFactors": [
      0.00499725341796875,
      0.0019989013671875,
      20,
      0
    ]
  }
}