{
  "textures": {
    "GroundScattering1": "res:/dx9/model/worldobject/Planet/Preset/LavaScatterLight01_D.dds.0.png",
    "PolesGradient": "res:/dx9/model/worldobject/Planet/Gradient01_M.dds.0.png",
    "GroundScattering2": "res:/dx9/model/worldobject/planet/preset/lavascatterhue02_d.dds.0.png",
    "FillTexture": "res:/dx9/model/worldobject/Planet/Lava/LavaMagma01_P.dds.0.png",
    "Lava3DNoiseMap": "res:/Texture/Global/noise_volume.dds.0.png"
  },
  "settings": {
    "MiscFactors": [
      0,
      0.72265625,
      0,
      0
    ],
    "LavaSpecular": [
      0.0645751953125,
      10,
      -0.2147216796875,
      0.55224609375
    ],
    "LavaColor2": [
      5.64453125,
      0.66650390625,
      0,
      0
    ],
    "LavaColor1": [
      10,
      4.4296875,
      1.7646484375,
      0
    ],
    "Mid": [
      0.007843017578125,
      0.007843017578125,
      0.007843017578125,
      1
    ],
    "High": [
      0.0274505615234375,
      0.01568603515625,
      0,
      1
    ],
    "DetailFactors": [
      4,
      0.79638671875,
      0,
      0
    ],
    "Low": [
      0.08233642578125,
      0.0039215087890625,
      0,
      1
    ],
    "AnimationFactors": [
      0.449462890625,
      6,
      1.07421875,
      5.1484375
    ],
    "Parameters2": [
      0.392333984375,
      0,
      0,
      0.56982421875
    ],
    "Parameters1": [
      0.0164642333984375,
      28.8125,
      0.80859375,
      0.73193359375
    ],
    "AtmosphereFactors": [
      1.029296875,
      0.024993896484375,
      299.75,
      0
    ],
    "AtmosphereColor": [
      0.0352783203125,
      0.0117645263671875,
      0.0039215087890625,
      1
    ],
    "wavelengthsMicroMeters": [
      0.509765625,
      0.513671875,
      0.501953125,
      1
    ],
    "ScatteringFactors": [
      0.00499725341796875,
      0.0019989013671875,
      20,
      0
    ]
  }
}