{
  "textures": {
    "CloudsTexture": "res:/dx9/model/worldobject/planet/sandstorm/dust03_m.dds.0.png",
    "PolesGradient": "res:/dx9/model/worldobject/Planet/Gradient01_M.dds.0.png",
    "CloudCapTexture": "res:/dx9/model/worldobject/planet/sandstorm/dustcap03_m.dds.0.png",
    "GroundScattering1": "res:/dx9/model/worldobject/planet/preset/sandstormscatterlight02_d.dds.0.png",
    "FillTexture": "res:/dx9/model/worldobject/planet/sandstorm/sandstormdetail03_p.dds.0.png",
    "GroundScattering2": "res:/dx9/model/worldobject/planet/preset/sandstormscatterhue02_d.dds.0.png"
  },
  "settings": {
    "CoverageFactors": [
      0.28466796875,
      0.282958984375,
      0.62744140625,
      0
    ],
    "MiscFactors": [
      0,
      0.288818359375,
      0,
      0
    ],
    "EquatorTint": [
      0.482177734375,
      0.41162109375,
      0.341064453125,
      1
    ],
    "FillTint": [
      0.450927734375,
      0.450927734375,
      0.450927734375,
      1
    ],
    "VegetationTint": [
      0.615234375,
      0.552734375,
      0.474365234375,
      1
    ],
    "SharpnessFactors": [
      5,
      4.3828125,
      1,
      0
    ],
    "DetailFactors": [
      3,
      19.796875,
      0,
      0
    ],
    "CloudsColor": [
      0.92919921875,
      0.88232421875,
      0.7998046875,
      1
    ],
    "mountainTint": [
      0.7568359375,
      0.69775390625,
      0.599609375,
      1
    ],
    "CloudsFactors": [
      0.280029296875,
      0.9814453125,
      2.03125,
      1
    ],
    "AtmosphereFactors": [
      1.0234375,
      0.04217529296875,
      299.75,
      0
    ],
    "wavelengthsMicroMeters": [
      0.599609375,
      0.583984375,
      0.580078125,
      1
    ],
    "ScatteringFactors": [
      0.00499725341796875,
      0.0019989013671875,
      20,
      0
    ]
  }
}