{
  "textures": {
    "CloudsTexture": "res:/dx9/model/worldobject/planet/sandstorm/dust02_m.dds.0.png",
    "PolesGradient": "res:/dx9/model/worldobject/Planet/Gradient01_M.dds.0.png",
    "CloudCapTexture": "res:/dx9/model/worldobject/planet/sandstorm/dustcap02_m.dds.0.png",
    "GroundScattering1": "res:/dx9/model/worldobject/planet/preset/sandstormscatterlight02_d.dds.0.png",
    "FillTexture": "res:/dx9/model/worldobject/planet/sandstorm/sandstormdetail03_p.dds.0.png",
    "GroundScattering2": "res:/dx9/model/worldobject/planet/preset/sandstormscatterhue02_d.dds.0.png"
  },
  "settings": {
    "CoverageFactors": [
      0.7578125,
      0.49365234375,
      0.8564453125,
      0
    ],
    "MiscFactors": [
      0,
      0.3876953125,
      0,
      0
    ],
    "EquatorTint": [
      0.443115234375,
      0.2861328125,
      0.199951171875,
      1
    ],
    "FillTint": [
      0.7958984375,
      0.62744140625,
      0.42724609375,
      1
    ],
    "VegetationTint": [
      0.92529296875,
      0.70556640625,
      0.42333984375,
      1
    ],
    "SharpnessFactors": [
      5,
      4.8671875,
      4.27734375,
      1
    ],
    "DetailFactors": [
      3,
      19.4375,
      0,
      0
    ],
    "CloudsColor": [
      0.8388671875,
      0.74853515625,
      0.619140625,
      1
    ],
    "mountainTint": [
      0.505859375,
      0.356689453125,
      0.2391357421875,
      1
    ],
    "CloudsFactors": [
      2.8984375,
      1.431640625,
      1.63671875,
      1
    ],
    "AtmosphereFactors": [
      1.0146484375,
      0.03497314453125,
      299.75,
      0
    ],
    "wavelengthsMicroMeters": [
      0.587890625,
      0.580078125,
      0.576171875,
      1
    ],
    "ScatteringFactors": [
      0.00499725341796875,
      0.0019989013671875,
      20,
      0
    ]
  }
}