{
  "textures": {
    "CloudsTexture": "res:/dx9/model/worldobject/planet/sandstorm/dust01_m.dds.0.png",
    "PolesGradient": "res:/dx9/model/worldobject/Planet/Gradient01_M.dds.0.png",
    "CloudCapTexture": "res:/dx9/model/worldobject/planet/sandstorm/dustcap02_m.dds.0.png",
    "GroundScattering1": "res:/dx9/model/worldobject/planet/preset/sandstormscatterlight02_d.dds.0.png",
    "FillTexture": "res:/dx9/model/worldobject/planet/sandstorm/sandstormdetail03_p.dds.0.png",
    "GroundScattering2": "res:/dx9/model/worldobject/planet/preset/sandstormscatterhue02_d.dds.0.png"
  },
  "settings": {
    "CoverageFactors": [
      0.62939453125,
      0.43017578125,
      0.345703125,
      0
    ],
    "MiscFactors": [
      0,
      0.2802734375,
      0,
      0
    ],
    "EquatorTint": [
      0.39208984375,
      0.2509765625,
      0.1802978515625,
      1
    ],
    "FillTint": [
      0.7880859375,
      0.67822265625,
      0.552734375,
      1
    ],
    "VegetationTint": [
      0.90576171875,
      0.7646484375,
      0.583984375,
      1
    ],
    "SharpnessFactors": [
      5,
      4.57421875,
      2.541015625,
      1
    ],
    "DetailFactors": [
      3,
      19.796875,
      0,
      0
    ],
    "CloudsColor": [
      0.90966796875,
      0.64306640625,
      0.513671875,
      1
    ],
    "mountainTint": [
      0.509765625,
      0.38037109375,
      0.2861328125,
      1
    ],
    "CloudsFactors": [
      0.351318359375,
      0.92626953125,
      1.419921875,
      1
    ],
    "AtmosphereFactors": [
      1.0146484375,
      0.04217529296875,
      299.75,
      0
    ],
    "wavelengthsMicroMeters": [
      0.599609375,
      0.576171875,
      0.572265625,
      1
    ],
    "ScatteringFactors": [
      0.00499725341796875,
      0.0019989013671875,
      20,
      0
    ]
  }
}