{
  "textures": {
    "CloudsTexture": "res:/dx9/model/worldobject/planet/sandstorm/dust02_m.dds.0.png",
    "PolesGradient": "res:/dx9/model/worldobject/Planet/Gradient01_M.dds.0.png",
    "CloudCapTexture": "res:/dx9/model/worldobject/planet/sandstorm/dustcap04_m.dds.0.png",
    "GroundScattering1": "res:/dx9/model/worldobject/planet/preset/sandstormscatterlight01_d.dds.0.png",
    "FillTexture": "res:/dx9/model/worldobject/planet/sandstorm/sandstormdetail03_p.dds.0.png",
    "GroundScattering2": "res:/dx9/model/worldobject/planet/preset/sandstormscatterhue01_d.dds.0.png"
  },
  "settings": {
    "CoverageFactors": [
      0.7783203125,
      0.47216796875,
      0.7666015625,
      0
    ],
    "MiscFactors": [
      0,
      0.333251953125,
      0,
      0
    ],
    "EquatorTint": [
      0.478271484375,
      0.41162109375,
      0.341064453125,
      1
    ],
    "FillTint": [
      0.450927734375,
      0.450927734375,
      0.450927734375,
      1
    ],
    "VegetationTint": [
      0.615234375,
      0.552734375,
      0.474365234375,
      1
    ],
    "SharpnessFactors": [
      5,
      4.390625,
      6.62109375,
      1
    ],
    "DetailFactors": [
      3,
      19.796875,
      0,
      0
    ],
    "CloudsColor": [
      0.72900390625,
      0.69384765625,
      0.62744140625,
      1
    ],
    "mountainTint": [
      0.493896484375,
      0.450927734375,
      0.368408203125,
      1
    ],
    "CloudsFactors": [
      0.346923828125,
      0.78369140625,
      1.7568359375,
      1
    ],
    "AtmosphereFactors": [
      1.0146484375,
      0.05072021484375,
      299.75,
      0
    ],
    "wavelengthsMicroMeters": [
      0.587890625,
      0.595703125,
      0.63134765625,
      1
    ],
    "ScatteringFactors": [
      0.00499725341796875,
      0.0019989013671875,
      20,
      0
    ]
  }
}