{
  "textures": {
    "CloudsTexture": "res:/dx9/model/worldobject/planet/sandstorm/dust01_m.dds.0.png",
    "PolesGradient": "res:/dx9/model/worldobject/Planet/Gradient01_M.dds.0.png",
    "CloudCapTexture": "res:/dx9/model/worldobject/planet/sandstorm/dustcap02_m.dds.0.png",
    "GroundScattering1": "res:/dx9/model/worldobject/planet/preset/sandstormscatterlight01_d.dds.0.png",
    "FillTexture": "res:/dx9/model/worldobject/planet/sandstorm/sandstormdetail04_p.dds.0.png",
    "GroundScattering2": "res:/dx9/model/worldobject/planet/preset/sandstormscatterhue01_d.dds.0.png"
  },
  "settings": {
    "CoverageFactors": [
      0.62939453125,
      0.43017578125,
      0.345703125,
      0
    ],
    "MiscFactors": [
      0,
      0.446533203125,
      0,
      0
    ],
    "EquatorTint": [
      0.39208984375,
      0.207763671875,
      0.1058349609375,
      1
    ],
    "FillTint": [
      0.7958984375,
      0.62744140625,
      0.42724609375,
      1
    ],
    "VegetationTint": [
      0.92529296875,
      0.70556640625,
      0.41943359375,
      1
    ],
    "SharpnessFactors": [
      5,
      4.57421875,
      2.541015625,
      1
    ],
    "DetailFactors": [
      3,
      19.796875,
      0,
      0
    ],
    "CloudsColor": [
      0.90966796875,
      0.64306640625,
      0.513671875,
      1
    ],
    "mountainTint": [
      0.505859375,
      0.356689453125,
      0.2391357421875,
      1
    ],
    "CloudsFactors": [
      0.351318359375,
      0.92626953125,
      1.419921875,
      1
    ],
    "AtmosphereFactors": [
      1.0234375,
      0.04217529296875,
      299.75,
      0
    ],
    "wavelengthsMicroMeters": [
      0.611328125,
      0.599609375,
      0.599609375,
      1
    ],
    "ScatteringFactors": [
      0.00499725341796875,
      0.0019989013671875,
      20,
      0
    ]
  }
}