{
  "textures": {
    "CloudsTexture": "res:/dx9/model/worldobject/planet/sandstorm/dust02_m.dds.0.png",
    "PolesGradient": "res:/dx9/model/worldobject/Planet/Gradient01_M.dds.0.png",
    "CloudCapTexture": "res:/dx9/model/worldobject/planet/sandstorm/dustcap02_m.dds.0.png",
    "GroundScattering1": "res:/dx9/model/worldobject/planet/preset/sandstormscatterlight02_d.dds.0.png",
    "FillTexture": "res:/dx9/model/worldobject/planet/sandstorm/sandstormdetail03_p.dds.0.png",
    "GroundScattering2": "res:/dx9/model/worldobject/planet/preset/sandstormscatterhue02_d.dds.0.png"
  },
  "settings": {
    "CoverageFactors": [
      0.2403564453125,
      0.425048828125,
      0.74462890625,
      0
    ],
    "MiscFactors": [
      0,
      0.31884765625,
      0,
      0
    ],
    "EquatorTint": [
      0.443115234375,
      0.2822265625,
      0.199951171875,
      1
    ],
    "FillTint": [
      0.7919921875,
      0.62744140625,
      0.42724609375,
      1
    ],
    "VegetationTint": [
      0.92529296875,
      0.70556640625,
      0.41943359375,
      1
    ],
    "SharpnessFactors": [
      5,
      4.30078125,
      5.83984375,
      1
    ],
    "DetailFactors": [
      3,
      19.4375,
      0,
      0
    ],
    "CloudsColor": [
      0.90576171875,
      0.65869140625,
      0.443115234375,
      1
    ],
    "mountainTint": [
      0.505859375,
      0.356689453125,
      0.2391357421875,
      1
    ],
    "CloudsFactors": [
      0.3271484375,
      0.99267578125,
      1.0712890625,
      1
    ],
    "AtmosphereFactors": [
      1.0185546875,
      0.03497314453125,
      299.75,
      0
    ],
    "wavelengthsMicroMeters": [
      0.591796875,
      0.568359375,
      0.564453125,
      1
    ],
    "ScatteringFactors": [
      0.00499725341796875,
      0.0019989013671875,
      20,
      0
    ]
  }
}