{
  "textures": {
    "CloudsTexture": "res:/dx9/model/worldobject/planet/sandstorm/dust03_m.dds.0.png",
    "PolesGradient": "res:/dx9/model/worldobject/Planet/Gradient01_M.dds.0.png",
    "CloudCapTexture": "res:/dx9/model/worldobject/planet/sandstorm/dustcap03_m.dds.0.png",
    "GroundScattering1": "res:/dx9/model/worldobject/planet/preset/sandstormscatterlight02_d.dds.0.png",
    "FillTexture": "res:/dx9/model/worldobject/planet/sandstorm/sandstormdetail04_p.dds.0.png",
    "GroundScattering2": "res:/dx9/model/worldobject/planet/preset/sandstormscatterhue02_d.dds.0.png"
  },
  "settings": {
    "CoverageFactors": [
      0.265625,
      0.533203125,
      0.61865234375,
      0
    ],
    "MiscFactors": [
      0,
      0.366455078125,
      0,
      0
    ],
    "EquatorTint": [
      0.43115234375,
      0.333251953125,
      0.2861328125,
      1
    ],
    "FillTint": [
      0.74072265625,
      0.65869140625,
      0.564453125,
      1
    ],
    "VegetationTint": [
      0.38818359375,
      0.3017578125,
      0.2509765625,
      1
    ],
    "SharpnessFactors": [
      5,
      4.51953125,
      4.265625,
      1
    ],
    "DetailFactors": [
      3,
      15.3359375,
      0,
      0
    ],
    "CloudsColor": [
      0.611328125,
      0.447021484375,
      0.3017578125,
      1
    ],
    "mountainTint": [
      0.591796875,
      0.478271484375,
      0.39599609375,
      1
    ],
    "CloudsFactors": [
      0.276611328125,
      0.99755859375,
      1.0322265625,
      1
    ],
    "AtmosphereFactors": [
      1.0146484375,
      0.04217529296875,
      299.75,
      0
    ],
    "wavelengthsMicroMeters": [
      0.580078125,
      0.564453125,
      0.560546875,
      1
    ],
    "ScatteringFactors": [
      0.00499725341796875,
      0.0019989013671875,
      20,
      0
    ]
  }
}