{
  "textures": {
    "CloudsTexture": "res:/dx9/model/worldobject/planet/sandstorm/dust04_m.dds.0.png",
    "PolesGradient": "res:/dx9/model/worldobject/Planet/Gradient01_M.dds.0.png",
    "CloudCapTexture": "res:/dx9/model/worldobject/planet/sandstorm/dustcap04_m.dds.0.png",
    "GroundScattering1": "res:/dx9/model/worldobject/planet/preset/sandstormscatterlight01_d.dds.0.png",
    "FillTexture": "res:/dx9/model/worldobject/planet/sandstorm/sandstormdetail04_p.dds.0.png",
    "GroundScattering2": "res:/dx9/model/worldobject/planet/preset/sandstormscatterhue01_d.dds.0.png"
  },
  "settings": {
    "CoverageFactors": [
      0.1016845703125,
      0.435546875,
      0.8349609375,
      0
    ],
    "MiscFactors": [
      0,
      0.25439453125,
      0,
      0
    ],
    "EquatorTint": [
      0.482177734375,
      0.41162109375,
      0.341064453125,
      1
    ],
    "FillTint": [
      0.450927734375,
      0.450927734375,
      0.450927734375,
      1
    ],
    "VegetationTint": [
      0.615234375,
      0.552734375,
      0.474365234375,
      1
    ],
    "SharpnessFactors": [
      5,
      4.85546875,
      2.78515625,
      1
    ],
    "DetailFactors": [
      3,
      19.796875,
      0,
      0
    ],
    "CloudsColor": [
      0.72900390625,
      0.69384765625,
      0.62744140625,
      1
    ],
    "mountainTint": [
      0.599609375,
      0.556640625,
      0.497802734375,
      1
    ],
    "CloudsFactors": [
      0.384521484375,
      0.8828125,
      0.93603515625,
      1
    ],
    "AtmosphereFactors": [
      1.0146484375,
      0.05072021484375,
      299.75,
      0
    ],
    "wavelengthsMicroMeters": [
      0.583984375,
      0.591796875,
      0.615234375,
      1
    ],
    "ScatteringFactors": [
      0.00499725341796875,
      0.0019989013671875,
      20,
      0
    ]
  }
}