{
  "textures": {
    "GroundScattering1": {
      "src": "res:/dx9/model/worldobject/planet/preset/plasmascatterlight01_d.dds.0.png",
      "repeat": false,
      "minFilter": "linear",
      "anisotropy": 1
    },
    "PolesGradient": {
      "src": "res:/dx9/model/worldobject/Planet/Gradient01_M.dds.0.png",
      "repeat": true,
      "minFilter": "linearMipmap",
      "anisotropy": 4
    },
    "GroundScattering2": {
      "src": "res:/dx9/model/worldobject/planet/preset/plasmascatterhue01_d.dds.0.png",
      "repeat": false,
      "minFilter": "linear",
      "anisotropy": 1
    },
    "FillTexture": {
      "src": "res:/dx9/model/worldobject/planet/lava/lavamagma03_p.dds.0.png",
      "repeat": true,
      "minFilter": "linearMipmap",
      "anisotropy": 4
    },
    "Lava3DNoiseMap": {
      "src": "res:/Texture/Global/noise_volume.dds.0.png",
      "repeat": true,
      "minFilter": "linearMipmap",
      "anisotropy": 1
    }
  },
  "settings": {
    "MiscFactors": [
      0,
      0.89404296875,
      0,
      0
    ],
    "LavaSpecular": [
      0.05999755859375,
      30,
      0.2998046875,
      0.5
    ],
    "LavaColor2": [
      0,
      3.44921875,
      5.52734375,
      0
    ],
    "LavaColor1": [
      6.7421875,
      8.390625,
      10,
      0
    ],
    "Mid": [
      0,
      0.0196075439453125,
      0.0313720703125,
      1
    ],
    "High": [
      0,
      0.0352783203125,
      0.058807373046875,
      1
    ],
    "DetailFactors": [
      4,
      2.453125,
      0,
      0
    ],
    "Low": [
      0,
      0.066650390625,
      0.1058349609375,
      1
    ],
    "AnimationFactors": [
      0.2998046875,
      4,
      1.3291015625,
      1.2998046875
    ],
    "Parameters2": [
      0.9853515625,
      0,
      0,
      0.56982421875
    ],
    "Parameters1": [
      0.1072998046875,
      10.3125,
      0.7998046875,
      0.82275390625
    ],
    "AtmosphereFactors": [
      1.01953125,
      0.03997802734375,
      299.75,
      0
    ],
    "AtmosphereColor": [
      0.01568603515625,
      0.329345703125,
      0.70947265625,
      1
    ],
    "wavelengthsMicroMeters": [
      0.65087890625,
      0.63525390625,
      0.572265625,
      1
    ],
    "ScatteringFactors": [
      0.00499725341796875,
      0.0019989013671875,
      20,
      0
    ]
  }
}