{
  "textures": {
    "GroundScattering1": "res:/dx9/model/worldobject/planet/preset/plasmascatterlight01_d.dds.0.png",
    "PolesGradient": "res:/dx9/model/worldobject/Planet/Gradient01_M.dds.0.png",
    "GroundScattering2": "res:/dx9/model/worldobject/planet/preset/plasmascatterhue01_d.dds.0.png",
    "FillTexture": "res:/dx9/model/worldobject/planet/lava/lavamagma01_p.dds.0.png",
    "Lava3DNoiseMap": "res:/Texture/Global/noise_volume.dds.0.png"
  },
  "settings": {
    "MiscFactors": [
      0,
      0.9638671875,
      0,
      0
    ],
    "LavaSpecular": [
      0.03997802734375,
      30,
      0.2998046875,
      0.5
    ],
    "LavaColor2": [
      0,
      3.44921875,
      5.52734375,
      0
    ],
    "LavaColor1": [
      6.7421875,
      9.953125,
      10,
      0
    ],
    "Mid": [
      0,
      0.0196075439453125,
      0.0313720703125,
      1
    ],
    "High": [
      0,
      0.0352783203125,
      0.058807373046875,
      1
    ],
    "DetailFactors": [
      4,
      2.453125,
      0,
      0
    ],
    "Low": [
      0,
      0.066650390625,
      0.1058349609375,
      1
    ],
    "AnimationFactors": [
      0.2998046875,
      4,
      1.3291015625,
      1.2998046875
    ],
    "Parameters2": [
      0.9853515625,
      0,
      0,
      0.56982421875
    ],
    "Parameters1": [
      0.1072998046875,
      10.3125,
      0.7998046875,
      0.82275390625
    ],
    "AtmosphereFactors": [
      1.01953125,
      0.0799560546875,
      299.75,
      0
    ],
    "AtmosphereColor": [
      0.01568603515625,
      0.329345703125,
      0.70947265625,
      1
    ],
    "wavelengthsMicroMeters": [
      0.73291015625,
      0.71337890625,
      0.63916015625,
      1
    ],
    "ScatteringFactors": [
      0.00499725341796875,
      0.0019989013671875,
      20,
      0
    ]
  }
}