{
  "textures": {
    "GroundScattering1": "res:/dx9/model/worldobject/planet/preset/plasmascatterlight01_d.dds.0.png",
    "PolesGradient": "res:/dx9/model/worldobject/Planet/Gradient01_M.dds.0.png",
    "GroundScattering2": "res:/dx9/model/worldobject/planet/preset/plasmascatterhue01_d.dds.0.png",
    "FillTexture": "res:/dx9/model/worldobject/planet/lava/lavamagma02_p.dds.0.png",
    "Lava3DNoiseMap": "res:/Texture/Global/noise_volume.dds.0.png"
  },
  "settings": {
    "MiscFactors": [
      0,
      0.61376953125,
      0,
      0
    ],
    "LavaSpecular": [
      0.05999755859375,
      30,
      0.2998046875,
      0.5
    ],
    "LavaColor2": [
      0,
      12.4765625,
      20,
      0
    ],
    "LavaColor1": [
      13.484375,
      16.78125,
      20,
      0
    ],
    "Mid": [
      0,
      0.0196075439453125,
      0.0313720703125,
      1
    ],
    "High": [
      0,
      0.0352783203125,
      0.058807373046875,
      1
    ],
    "DetailFactors": [
      4,
      1.2060546875,
      0,
      0
    ],
    "Low": [
      0,
      0.066650390625,
      0.1058349609375,
      1
    ],
    "AnimationFactors": [
      0.2998046875,
      4,
      1.3291015625,
      1.2998046875
    ],
    "Parameters2": [
      4.546875,
      0,
      0,
      0.56982421875
    ],
    "Parameters1": [
      0.61572265625,
      2.0859375,
      0.7998046875,
      0.82275390625
    ],
    "AtmosphereFactors": [
      1.0205078125,
      0.03997802734375,
      299.75,
      0
    ],
    "AtmosphereColor": [
      0.01568603515625,
      0.329345703125,
      0.70947265625,
      1
    ],
    "wavelengthsMicroMeters": [
      0.62744140625,
      0.615234375,
      0.564453125,
      1
    ],
    "ScatteringFactors": [
      0.00499725341796875,
      0.0019989013671875,
      20,
      0
    ]
  }
}