{
  "textures": {
    "PolesMaskMap": "res:/dx9/model/worldobject/Planet/Gradient01_M.dds.0.png",
    "DistortionMap": "res:/dx9/model/worldobject/Planet/GasGiant/GasGiant01_P.dds.0.png",
    "NoiseMap": "res:/dx9/model/worldobject/Planet/GasGiant/GasGiantDetail01_M.dds.0.png",
    "RingsTexture": "res:/dx9/model/worldobject/planet/gasgiant/gasgiantring03_d.dds.0.png",
    "HeightMap": "res:/dx9/model/WorldObject/planet/GasGiant/GasGiant_Mixer_Tex.dds.0.png",
    "NoiseTexture": "res:/dx9/model/worldobject/planet/gasgiant/gasgiantringdetail01_d.dds.0.png"
  },
  "settings": {
    "BandingSpeed": 0.0015172958374023438,
    "WindFactors": [
      0.4423828125,
      1.51171875,
      -0.016998291015625,
      0.189453125
    ],
    "Saturation": 4.171875,
    "ringColor3": [
      0.346923828125,
      0.335205078125,
      0.317626953125,
      1
    ],
    "ringColor2": [
      0.37646484375,
      0.360595703125,
      0.329345703125,
      1
    ],
    "ringColor1": [
      0.42724609375,
      0.529296875,
      0.564453125,
      1
    ],
    "FuzzyEdges": 5.1953125,
    "DistoFactors": [
      0.05389404296875,
      0,
      0,
      0
    ],
    "Alpha": 0.39990234375,
    "RingsFactors": [
      3.6796875,
      1,
      0.04998779296875,
      1.12890625
    ],
    "CapColor": [
      0.486083984375,
      0.360595703125,
      0.2939453125,
      1
    ],
    "DiffuseColor": [
      0.66259765625,
      0.8154296875,
      0.8427734375,
      1
    ]
  }
}