{
  "textures": {
    "PolesMaskMap": "res:/dx9/model/worldobject/Planet/Gradient01_M.dds.0.png",
    "DistortionMap": "res:/dx9/model/worldobject/Planet/GasGiant/GasGiant01_P.dds.0.png",
    "NoiseMap": "res:/dx9/model/worldobject/Planet/GasGiant/GasGiantDetail01_M.dds.0.png",
    "RingsTexture": "res:/dx9/model/worldobject/planet/gasgiant/gasgiantring08_d.dds.0.png",
    "HeightMap": "res:/dx9/model/WorldObject/planet/GasGiant/GasGiant_Mixer_Tex.dds.0.png",
    "NoiseTexture": "res:/dx9/model/worldobject/planet/gasgiant/gasgiantringdetail01_d.dds.0.png"
  },
  "settings": {
    "BandingSpeed": 0.0014667510986328125,
    "WindFactors": [
      0.4423828125,
      2.201171875,
      -0.016998291015625,
      0.1888427734375
    ],
    "Saturation": 3.9609375,
    "ringColor3": [
      0.1646728515625,
      0.1646728515625,
      0.1646728515625,
      1
    ],
    "ringColor2": [
      0.364501953125,
      0.41162109375,
      0.41943359375,
      1
    ],
    "ringColor1": [
      0.70947265625,
      0.74072265625,
      0.73291015625,
      1
    ],
    "FuzzyEdges": 5.1953125,
    "DistoFactors": [
      0.1551513671875,
      0,
      0,
      0
    ],
    "Alpha": 0.7998046875,
    "RingsFactors": [
      3.162109375,
      1,
      0.04998779296875,
      0.61865234375
    ],
    "CapColor": [
      0.070556640625,
      0.07843017578125,
      0.07843017578125,
      1
    ],
    "DiffuseColor": [
      0.65087890625,
      0.8154296875,
      0.90185546875,
      1
    ]
  }
}