{
  "textures": {
    "PolesMaskMap": "res:/dx9/model/worldobject/Planet/Gradient01_M.dds.0.png",
    "DistortionMap": "res:/dx9/model/worldobject/Planet/GasGiant/GasGiant01_P.dds.0.png",
    "NoiseMap": "res:/dx9/model/worldobject/Planet/GasGiant/GasGiantDetail01_M.dds.0.png",
    "RingsTexture": "res:/dx9/model/worldobject/planet/gasgiant/gasgiantring04_d.dds.0.png",
    "HeightMap": "res:/dx9/model/WorldObject/planet/GasGiant/GasGiant_Mixer_Tex.dds.0.png",
    "NoiseTexture": "res:/dx9/model/worldobject/planet/gasgiant/gasgiantringdetail01_d.dds.0.png"
  },
  "settings": {
    "BandingSpeed": 0.0005908012390136719,
    "WindFactors": [
      0.4423828125,
      2.29296875,
      -0.016998291015625,
      0.1888427734375
    ],
    "Saturation": 4.671875,
    "ringColor3": [
      0.7763671875,
      0.70556640625,
      0.63916015625,
      1
    ],
    "ringColor2": [
      0.66259765625,
      0.63916015625,
      0.544921875,
      1
    ],
    "ringColor1": [
      0,
      0,
      0,
      1
    ],
    "FuzzyEdges": 5.1953125,
    "DistoFactors": [
      0.09808349609375,
      0,
      0,
      0
    ],
    "Alpha": 0.39990234375,
    "RingsFactors": [
      2.685546875,
      1,
      0.04998779296875,
      0.55615234375
    ],
    "CapColor": [
      0.65087890625,
      0.8271484375,
      0.8232421875,
      1
    ],
    "DiffuseColor": [
      0.2235107421875,
      0.2196044921875,
      0.1646728515625,
      0
    ]
  }
}