{
  "textures": {
    "PolesMaskMap": "res:/dx9/model/worldobject/Planet/Gradient01_M.dds.0.png",
    "DistortionMap": "res:/dx9/model/worldobject/Planet/GasGiant/GasGiant01_P.dds.0.png",
    "NoiseMap": "res:/dx9/model/worldobject/Planet/GasGiant/GasGiantDetail01_M.dds.0.png",
    "RingsTexture": "res:/texture/global/blackAlpha.dds.0.png",
    "HeightMap": "res:/dx9/model/WorldObject/planet/GasGiant/GasGiant_Mixer_Tex.dds.0.png"
  },
  "settings": {
    "BandingSpeed": 0.013671875,
    "WindFactors": [
      0.050262451171875,
      0.377685546875,
      0.72119140625,
      0.04327392578125
    ],
    "Saturation": 4.66796875,
    "ringColor3": [
      0.7763671875,
      0.70556640625,
      0.63916015625,
      1
    ],
    "ringColor2": [
      0.66259765625,
      0.63916015625,
      0.544921875,
      1
    ],
    "ringColor1": [
      0,
      0,
      0,
      1
    ],
    "FuzzyEdges": 5.1953125,
    "DistoFactors": [
      -0.2001953125,
      0,
      0,
      0
    ],
    "RingsFactors": [
      2,
      0,
      0,
      0
    ],
    "CapColor": [
      0.65478515625,
      0.8193359375,
      0.8115234375,
      1
    ]
  }
}