{
  "textures": {
    "PolesMaskMap": "res:/dx9/model/worldobject/Planet/Gradient01_M.dds.0.png",
    "DistortionMap": "res:/dx9/model/worldobject/Planet/GasGiant/GasGiant01_P.dds.0.png",
    "NoiseMap": "res:/dx9/model/worldobject/Planet/GasGiant/GasGiantDetail01_M.dds.0.png",
    "RingsTexture": "res:/texture/global/blackAlpha.dds.0.png",
    "HeightMap": "res:/dx9/model/WorldObject/planet/GasGiant/GasGiant_Mixer_Tex.dds.0.png"
  },
  "settings": {
    "BandingSpeed": 0.0007338523864746094,
    "WindFactors": [
      0.4423828125,
      1.7177734375,
      -0.016998291015625,
      0.1888427734375
    ],
    "Saturation": 4.87109375,
    "ringColor3": [
      0.074462890625,
      0.074462890625,
      0.070556640625,
      1
    ],
    "ringColor2": [
      0.96826171875,
      1,
      0.99169921875,
      1
    ],
    "ringColor1": [
      0.0039215087890625,
      0.023529052734375,
      0.023529052734375,
      1
    ],
    "FuzzyEdges": 5.1953125,
    "DistoFactors": [
      0.059844970703125,
      0,
      0,
      0
    ],
    "RingsFactors": [
      2,
      0,
      0,
      0
    ],
    "CapColor": [
      0.7958984375,
      0.595703125,
      0.40380859375,
      1
    ]
  }
}