{
  "textures": {
    "PolesMaskMap": "res:/dx9/model/worldobject/Planet/Gradient01_M.dds.0.png",
    "DistortionMap": "res:/dx9/model/worldobject/Planet/GasGiant/GasGiant01_P.dds.0.png",
    "NoiseMap": "res:/dx9/model/worldobject/Planet/GasGiant/GasGiantDetail01_M.dds.0.png",
    "RingsTexture": "res:/texture/global/blackAlpha.dds.0.png",
    "HeightMap": "res:/dx9/model/WorldObject/planet/GasGiant/GasGiant_Mixer_Tex.dds.0.png"
  },
  "settings": {
    "BandingSpeed": 0.0005197525024414062,
    "WindFactors": [
      0.4423828125,
      2.369140625,
      -0.016998291015625,
      0.1890869140625
    ],
    "Saturation": 4.484375,
    "ringColor3": [
      0,
      0,
      0,
      1
    ],
    "ringColor2": [
      1,
      0.99169921875,
      0.96435546875,
      1
    ],
    "ringColor1": [
      0.0196075439453125,
      0.08624267578125,
      0.08624267578125,
      1
    ],
    "FuzzyEdges": 5.1953125,
    "DistoFactors": [
      0.054962158203125,
      0,
      0,
      0
    ],
    "RingsFactors": [
      2,
      0,
      0,
      0
    ],
    "CapColor": [
      0.470458984375,
      0.544921875,
      0.63525390625,
      1
    ]
  }
}