{
  "textures": {
    "PolesMaskMap": "res:/dx9/model/worldobject/Planet/Gradient01_M.dds.0.png",
    "DistortionMap": "res:/dx9/model/worldobject/Planet/GasGiant/GasGiant01_P.dds.0.png",
    "NoiseMap": "res:/dx9/model/worldobject/Planet/GasGiant/GasGiantDetail01_M.dds.0.png",
    "RingsTexture": "res:/texture/global/blackAlpha.dds.0.png",
    "HeightMap": "res:/dx9/model/WorldObject/planet/GasGiant/GasGiant_Mixer_Tex.dds.0.png"
  },
  "settings": {
    "BandingSpeed": 0.0009860992431640625,
    "WindFactors": [
      0.4423828125,
      2.25390625,
      -0.016998291015625,
      0.1888427734375
    ],
    "Saturation": 4.44140625,
    "ringColor3": [
      0.074462890625,
      0.074462890625,
      0.070556640625,
      1
    ],
    "ringColor2": [
      0.96826171875,
      1,
      0.99169921875,
      1
    ],
    "ringColor1": [
      0.66650390625,
      0.7529296875,
      0.74853515625,
      1
    ],
    "FuzzyEdges": 5.1953125,
    "DistoFactors": [
      0.198486328125,
      0,
      0,
      0
    ],
    "RingsFactors": [
      2,
      0,
      0,
      0
    ],
    "CapColor": [
      0.7880859375,
      0.564453125,
      0.466552734375,
      1
    ]
  }
}