{
  "textures": {
    "PolesGradient": "res:/dx9/model/worldobject/Planet/Gradient01_M.dds.0.png",
    "GroundScattering1": "res:/dx9/model/worldobject/Planet/Preset/IceScatterLight01_D.dds.0.png",
    "FillTexture": "res:/dx9/model/worldobject/Planet/Ice/IceDetail02_P.dds.0.png",
    "GroundScattering2": "res:/dx9/model/worldobject/Planet/Preset/IceScatterHue01_D.dds.0.png",
    "ColorizeMap": "res:/dx9/model/worldobject/Planet/Ice/IcePlanetColorizeMap01_P.dds.0.png"
  },
  "settings": {
    "IceFactors": [
      -0.86572265625,
      0.0894775390625,
      0.5927734375,
      1
    ],
    "IceDetail": [
      0.2054443359375,
      2,
      4,
      0
    ],
    "IceRampColorMiddle": [
      0.505859375,
      0.40771484375,
      0.341064453125,
      1
    ],
    "Roughness": 0.55126953125,
    "IceSpecular": [
      0.308349609375,
      12,
      0.7001953125,
      0.407470703125
    ],
    "MiscFactors": [
      0,
      0.0972900390625,
      0,
      0
    ],
    "IceRampColorLow": [
      0.2313232421875,
      0.192138671875,
      0.192138671875,
      1
    ],
    "IceRampColorHigh": [
      0.90185546875,
      0.90185546875,
      0.90185546875,
      1
    ],
    "AtmosphereFactors": [
      1.0146484375,
      0.04998779296875,
      299.75,
      0
    ],
    "wavelengthsMicroMeters": [
      0.583984375,
      0.599609375,
      0.63916015625,
      1
    ],
    "ScatteringFactors": [
      0.00499725341796875,
      0.0019989013671875,
      20,
      0
    ]
  }
}