{
  "textures": {
    "PolesGradient": "res:/dx9/model/worldobject/Planet/Gradient01_M.dds.0.png",
    "GroundScattering1": "res:/dx9/model/worldobject/Planet/Preset/IceScatterLight01_D.dds.0.png",
    "FillTexture": "res:/dx9/model/worldobject/Planet/Ice/IceDetail02_P.dds.0.png",
    "GroundScattering2": "res:/dx9/model/worldobject/Planet/Preset/IceScatterHue01_D.dds.0.png",
    "ColorizeMap": "res:/dx9/model/worldobject/Planet/Ice/IcePlanetColorizeMap01_P.dds.0.png"
  },
  "settings": {
    "IceFactors": [
      0.6591796875,
      0.3046875,
      0.240966796875,
      1
    ],
    "IceDetail": [
      1,
      2,
      4,
      0
    ],
    "IceRampColorMiddle": [
      0.560546875,
      0.607421875,
      0.623046875,
      1
    ],
    "Roughness": 0.55126953125,
    "IceSpecular": [
      0.308349609375,
      20,
      0.1624755859375,
      0.01824951171875
    ],
    "MiscFactors": [
      0,
      0.1820068359375,
      0,
      0
    ],
    "IceRampColorLow": [
      0.8544921875,
      0.92138671875,
      0.93310546875,
      1
    ],
    "IceRampColorHigh": [
      0.450927734375,
      0.482177734375,
      0.497802734375,
      1
    ],
    "AtmosphereFactors": [
      1.0146484375,
      0.04998779296875,
      299.75,
      0
    ],
    "wavelengthsMicroMeters": [
      0.583984375,
      0.599609375,
      0.63916015625,
      1
    ],
    "ScatteringFactors": [
      0.00499725341796875,
      0.0019989013671875,
      20,
      0
    ]
  }
}