{
  "textures": {
    "PolesGradient": "res:/dx9/model/worldobject/Planet/Gradient01_M.dds.0.png",
    "GroundScattering1": "res:/dx9/model/worldobject/planet/preset/icescatterlight01_d.dds.0.png",
    "FillTexture": "res:/dx9/model/worldobject/planet/ice/icedetail03_p.dds.0.png",
    "GroundScattering2": "res:/dx9/model/worldobject/planet/preset/icescatterhue01_d.dds.0.png",
    "ColorizeMap": "res:/dx9/model/worldobject/Planet/Ice/IcePlanetColorizeMap01_P.dds.0.png"
  },
  "settings": {
    "IceFactors": [
      -0.7275390625,
      0.859375,
      0.418212890625,
      1
    ],
    "IceDetail": [
      0.42578125,
      2,
      4,
      0
    ],
    "Roughness": 0.55126953125,
    "IceSpecular": [
      0.5,
      11.7578125,
      0.06927490234375,
      0.560546875
    ],
    "MiscFactors": [
      0,
      -0.08905029296875,
      0,
      0
    ],
    "IceRampColorLow": [
      0.203857421875,
      0.348876953125,
      0.368408203125,
      1
    ],
    "IceRampColorHigh": [
      0.521484375,
      0.572265625,
      0.587890625,
      1
    ],
    "AtmosphereFactors": [
      1.0146484375,
      0.04998779296875,
      299.75,
      0
    ],
    "wavelengthsMicroMeters": [
      0.583984375,
      0.599609375,
      0.63916015625,
      1
    ],
    "ScatteringFactors": [
      0.00499725341796875,
      0.0019989013671875,
      20,
      0
    ]
  }
}