{
  "textures": {
    "PolesGradient": "res:/dx9/model/worldobject/Planet/Gradient01_M.dds.0.png",
    "GroundScattering1": "res:/dx9/model/worldobject/Planet/Preset/IceScatterLight01_D.dds.0.png",
    "FillTexture": "res:/dx9/model/worldobject/planet/ice/icedetail04_p.dds.0.png",
    "GroundScattering2": "res:/dx9/model/worldobject/Planet/Preset/IceScatterHue01_D.dds.0.png",
    "ColorizeMap": "res:/dx9/model/worldobject/Planet/Ice/IcePlanetColorizeMap01_P.dds.0.png"
  },
  "settings": {
    "IceFactors": [
      -2.27734375,
      -0.5634765625,
      0.5927734375,
      1
    ],
    "IceDetail": [
      1.1689453125,
      2,
      4,
      0
    ],
    "IceRampColorMiddle": [
      1,
      0.95263671875,
      0.8662109375,
      1
    ],
    "Roughness": 0.55126953125,
    "IceSpecular": [
      0.2998046875,
      12,
      0.1270751953125,
      0.39990234375
    ],
    "MiscFactors": [
      0,
      -0.1409912109375,
      0,
      0
    ],
    "IceRampColorLow": [
      0.04705810546875,
      0.337158203125,
      0.40380859375,
      1
    ],
    "IceRampColorHigh": [
      0.01568603515625,
      0.313720703125,
      0.3017578125,
      1
    ],
    "AtmosphereFactors": [
      1.0146484375,
      0.04998779296875,
      299.75,
      0
    ],
    "wavelengthsMicroMeters": [
      0.595703125,
      0.599609375,
      0.65087890625,
      1
    ],
    "ScatteringFactors": [
      0.00499725341796875,
      0.0019989013671875,
      20,
      0
    ]
  }
}