{
  "textures": {
    "PolesGradient": "res:/dx9/model/worldobject/Planet/Gradient01_M.dds.0.png",
    "GroundScattering1": "res:/dx9/model/worldobject/Planet/Preset/IceScatterLight01_D.dds.0.png",
    "FillTexture": "res:/dx9/model/worldobject/planet/ice/icedetail04_p.dds.0.png",
    "GroundScattering2": "res:/dx9/model/worldobject/Planet/Preset/IceScatterHue01_D.dds.0.png",
    "ColorizeMap": "res:/dx9/model/worldobject/Planet/Ice/IcePlanetColorizeMap01_P.dds.0.png"
  },
  "settings": {
    "IceFactors": [
      -1.0927734375,
      -0.4326171875,
      0.5927734375,
      1
    ],
    "IceDetail": [
      1.1689453125,
      2,
      4,
      0
    ],
    "IceRampColorMiddle": [
      1,
      0.95654296875,
      0.88232421875,
      1
    ],
    "Roughness": 0.55126953125,
    "IceSpecular": [
      0.2998046875,
      12,
      0.1270751953125,
      0.39990234375
    ],
    "MiscFactors": [
      0,
      -0.1409912109375,
      0,
      0
    ],
    "IceRampColorLow": [
      0.1019287109375,
      0.08624267578125,
      0,
      1
    ],
    "IceRampColorHigh": [
      0.2822265625,
      0.501953125,
      0.513671875,
      1
    ],
    "AtmosphereFactors": [
      1.0146484375,
      0.04998779296875,
      299.75,
      0
    ],
    "wavelengthsMicroMeters": [
      0.583984375,
      0.599609375,
      0.63916015625,
      1
    ],
    "ScatteringFactors": [
      0.00499725341796875,
      0.0019989013671875,
      20,
      0
    ]
  }
}