{
  "textures": {
    "PolesGradient": "res:/dx9/model/worldobject/Planet/Gradient01_M.dds.0.png",
    "GroundScattering1": "res:/dx9/model/worldobject/planet/preset/icescatterlight01_d.dds.0.png",
    "FillTexture": "res:/dx9/model/worldobject/planet/ice/icedetail02_p.dds.0.png",
    "GroundScattering2": "res:/dx9/model/worldobject/planet/preset/icescatterhue01_d.dds.0.png",
    "ColorizeMap": "res:/dx9/model/worldobject/Planet/Ice/IcePlanetColorizeMap01_P.dds.0.png"
  },
  "settings": {
    "IceFactors": [
      -0.14111328125,
      0.451904296875,
      0.5927734375,
      1
    ],
    "IceDetail": [
      1.1689453125,
      2,
      4,
      0
    ],
    "IceRampColorMiddle": [
      1,
      0.96826171875,
      0.90185546875,
      1
    ],
    "Roughness": 0.55126953125,
    "IceSpecular": [
      0.2998046875,
      12,
      0.1270751953125,
      0.39990234375
    ],
    "MiscFactors": [
      0,
      -0.1409912109375,
      0,
      0
    ],
    "IceRampColorLow": [
      0.41552734375,
      0.1802978515625,
      0.0196075439453125,
      1
    ],
    "AtmosphereFactors": [
      1.0146484375,
      0.04998779296875,
      299.75,
      0
    ],
    "wavelengthsMicroMeters": [
      0.583984375,
      0.599609375,
      0.63916015625,
      1
    ],
    "ScatteringFactors": [
      0.00499725341796875,
      0.0019989013671875,
      20,
      0
    ]
  }
}