{
  "textures": {
    "PolesGradient": "res:/dx9/model/worldobject/Planet/Gradient01_M.dds.0.png",
    "GroundScattering1": "res:/dx9/model/worldobject/planet/preset/icescatterlight01_d.dds.0.png",
    "FillTexture": "res:/dx9/model/worldobject/planet/ice/icedetail03_p.dds.0.png",
    "GroundScattering2": "res:/dx9/model/worldobject/planet/preset/icescatterhue01_d.dds.0.png",
    "ColorizeMap": "res:/dx9/model/worldobject/Planet/Ice/IcePlanetColorizeMap01_P.dds.0.png"
  },
  "settings": {
    "IceFactors": [
      -0.86572265625,
      0.3046875,
      0.4697265625,
      1
    ],
    "IceDetail": [
      0.485107421875,
      2,
      4,
      0
    ],
    "IceRampColorMiddle": [
      0.37646484375,
      0.2196044921875,
      0.0941162109375,
      1
    ],
    "Roughness": 0.55126953125,
    "IceSpecular": [
      0.435546875,
      15,
      -0.040863037109375,
      0.238525390625
    ],
    "MiscFactors": [
      0,
      0.0972900390625,
      0,
      0
    ],
    "IceRampColorLow": [
      0.38037109375,
      0.2861328125,
      0.2861328125,
      1
    ],
    "IceRampColorHigh": [
      0.90185546875,
      0.90185546875,
      0.90185546875,
      1
    ],
    "AtmosphereFactors": [
      1.0146484375,
      0.04998779296875,
      299.75,
      0
    ],
    "wavelengthsMicroMeters": [
      0.583984375,
      0.599609375,
      0.63916015625,
      1
    ],
    "ScatteringFactors": [
      0.00499725341796875,
      0.0019989013671875,
      20,
      0
    ]
  }
}