{
  "textures": {
    "PolesGradient": "res:/dx9/model/worldobject/Planet/Gradient01_M.dds.0.png",
    "GroundScattering1": "res:/dx9/model/worldobject/planet/preset/icescatterlight01_d.dds.0.png",
    "FillTexture": "res:/dx9/model/worldobject/planet/ice/icedetail01_p.dds.0.png",
    "GroundScattering2": "res:/dx9/model/worldobject/planet/preset/icescatterhue01_d.dds.0.png",
    "ColorizeMap": "res:/dx9/model/worldobject/Planet/Ice/IcePlanetColorizeMap01_P.dds.0.png"
  },
  "settings": {
    "IceFactors": [
      -1.7666015625,
      1.2529296875,
      0.32373046875,
      1
    ],
    "IceDetail": [
      1.3310546875,
      2,
      4,
      0
    ],
    "IceRampColorMiddle": [
      0.8505859375,
      0.70556640625,
      0.529296875,
      1
    ],
    "Roughness": 0.55126953125,
    "IceSpecular": [
      0.6171875,
      11.7578125,
      0.06927490234375,
      0.560546875
    ],
    "MiscFactors": [
      0,
      -0.10906982421875,
      0,
      0
    ],
    "IceRampColorLow": [
      0.368408203125,
      0.317626953125,
      0.203857421875,
      1
    ],
    "IceRampColorHigh": [
      0.317626953125,
      0.2548828125,
      0.15283203125,
      1
    ],
    "AtmosphereFactors": [
      1.0146484375,
      0.04998779296875,
      299.75,
      0
    ],
    "wavelengthsMicroMeters": [
      0.583984375,
      0.599609375,
      0.63916015625,
      1
    ],
    "ScatteringFactors": [
      0.00499725341796875,
      0.0019989013671875,
      20,
      0
    ]
  }
}