{
  "textures": {
    "PolesGradient": "res:/dx9/model/worldobject/Planet/Gradient01_M.dds.0.png",
    "GroundScattering1": "res:/dx9/model/worldobject/planet/preset/icescatterlight01_d.dds.0.png",
    "FillTexture": "res:/dx9/model/worldobject/planet/ice/icedetail03_p.dds.0.png",
    "GroundScattering2": "res:/dx9/model/worldobject/planet/preset/icescatterhue01_d.dds.0.png",
    "ColorizeMap": "res:/dx9/model/worldobject/Planet/Ice/IcePlanetColorizeMap01_P.dds.0.png"
  },
  "settings": {
    "IceFactors": [
      0.6591796875,
      0.3046875,
      0.240966796875,
      1
    ],
    "IceDetail": [
      1,
      2,
      4,
      0
    ],
    "IceRampColorMiddle": [
      0.72509765625,
      0.8466796875,
      0.8740234375,
      1
    ],
    "Roughness": 0.55126953125,
    "IceSpecular": [
      0.308349609375,
      20,
      0.1624755859375,
      0.01824951171875
    ],
    "MiscFactors": [
      0,
      0.1820068359375,
      0,
      0
    ],
    "IceRampColorHigh": [
      0.372314453125,
      0.583984375,
      0.603515625,
      1
    ],
    "AtmosphereFactors": [
      1.0146484375,
      0.04998779296875,
      299.75,
      0
    ],
    "wavelengthsMicroMeters": [
      0.583984375,
      0.599609375,
      0.63916015625,
      1
    ],
    "ScatteringFactors": [
      0.00499725341796875,
      0.0019989013671875,
      20,
      0
    ]
  }
}