{
  "textures": {
    "PolesGradient": "res:/dx9/model/worldobject/Planet/Gradient01_M.dds.0.png",
    "GroundScattering1": "res:/dx9/model/worldobject/planet/preset/icescatterlight01_d.dds.0.png",
    "FillTexture": "res:/dx9/model/worldobject/planet/ice/icedetail03_p.dds.0.png",
    "GroundScattering2": "res:/dx9/model/worldobject/planet/preset/icescatterhue01_d.dds.0.png",
    "ColorizeMap": "res:/dx9/model/worldobject/Planet/Ice/IcePlanetColorizeMap01_P.dds.0.png"
  },
  "settings": {
    "IceFactors": [
      -0.399658203125,
      -0.2034912109375,
      0.5205078125,
      1
    ],
    "IceDetail": [
      0.59521484375,
      2,
      4,
      0
    ],
    "IceRampColorMiddle": [
      0.525390625,
      0.3095703125,
      0.13330078125,
      1
    ],
    "Roughness": 0.55126953125,
    "IceSpecular": [
      0.62744140625,
      10,
      -0.0024166107177734375,
      0.53076171875
    ],
    "MiscFactors": [
      0,
      -0.08905029296875,
      0,
      0
    ],
    "IceRampColorLow": [
      0.1646728515625,
      0.12548828125,
      0.12548828125,
      1
    ],
    "IceRampColorHigh": [
      0.89404296875,
      0.8583984375,
      0.8193359375,
      1
    ],
    "AtmosphereFactors": [
      1.0146484375,
      0.04998779296875,
      299.75,
      0
    ],
    "wavelengthsMicroMeters": [
      0.583984375,
      0.599609375,
      0.63916015625,
      1
    ],
    "ScatteringFactors": [
      0.00499725341796875,
      0.0019989013671875,
      20,
      0
    ]
  }
}